month,Attributed,Unattributed,unattributed_share_pct
2024-07-01,0.0,105803.22,100.0
2024-08-01,0.0,97231.14,100.0
2024-09-01,38314.85,78368.97,67.16352789958367
2024-10-01,0.0,127285.65,100.0
2024-11-01,18474.13,153204.22,89.23910324161433
2024-12-01,39358.5,146989.91,78.87907924730884
2025-01-01,41169.85,93468.69,69.42194263247357
2025-02-01,0.0,144209.63,100.0
2025-03-01,34932.45,120979.17,77.59471038784666
2025-04-01,41369.38,90297.86,68.58035453617772
2025-05-01,55752.39,94347.52,62.85648006051436
2025-06-01,42908.22,146238.19,77.31481131468475
2025-07-01,54071.14,128326.67,70.35537871863703
2025-08-01,49746.27,172748.57,77.64160732896097
2025-09-01,64397.76,145400.67,69.30493712464865
2025-10-01,0.0,173725.32,100.0
2025-11-01,21801.05,236396.98,91.55646152683659
2025-12-01,2548.06,300743.0,99.15986313609112
2026-01-01,0.0,174409.39,99.99999999999999
2026-02-01,0.0,181666.58,100.0
2026-03-01,41622.27,144283.86000000002,77.61113632993168
2026-04-01,23026.73,180012.13,88.65895425141768
2026-05-01,0.0,205565.1,100.0
2026-06-01,0.0,204440.93,100.0
