campaign_id,campaign_name,channel,budget_eur,attributed_orders,attributed_revenue_eur,roas,attributed_contribution_eur,contribution_roas,contribution_after_budget_eur,attributed_net_return_pct,return_rate_pct,cancellation_rate_pct
C08,Loyalty Points x2,App Push,3000,180,60492.04,20.164013333333333,21581.59,7.193863333333334,18581.59,619.3863333333334,9.569377990430622,3.349282296650718
C03,Xmas Gifts 2024,Newsletter,6000,105,34204.05,5.700675,9301.41,1.550235,3301.41,55.0235,9.6,6.4
C06,Easter Family Deals,Newsletter,4500,56,20553.82,4.5675155555555556,7739.47,1.7198822222222223,3239.4700000000003,71.98822222222222,7.6923076923076925,6.153846153846154
C12,Spring Clean 2026,Pinterest,16000,195,64649.0,4.0405625,18085.989999999998,1.130374375,2085.989999999998,13.037437499999987,9.90990990990991,1.8018018018018018
C05,Spring Home Refresh,Pinterest,15000,172,49788.24,3.319216,14684.15,0.9789433333333333,-315.85000000000036,-2.1056666666666692,9.595959595959595,3.5353535353535355
C04,New Year Fitness,Facebook,18000,145,41169.85,2.2872138888888887,11652.039999999999,0.6473355555555556,-6347.960000000001,-35.26644444444445,12.209302325581396,2.9069767441860463
C10,Back to Uni 2025,Instagram,24000,206,64079.74,2.6699891666666664,16652.47,0.6938529166666667,-7347.529999999999,-30.61470833333333,10.126582278481013,2.9535864978902953
C07,Mother's Day,Instagram,14000,68,23440.579999999998,1.6743271428571427,4184.8,0.29891428571428574,-9815.2,-70.10857142857144,14.457831325301205,3.6144578313253013
C01,Back to Uni 2024,Instagram,22000,118,38314.85,1.741584090909091,11497.820000000002,0.5226281818181819,-10502.179999999998,-47.73718181818181,12.857142857142858,2.857142857142857
C02,Black Friday 2024,Google Ads,48000,78,23628.579999999998,0.49226208333333327,6115.4,0.12740416666666665,-41884.6,-87.25958333333334,8.88888888888889,4.444444444444445
C11,Black Friday 2025,Google Ads,52000,121,24349.11,0.4682521153846154,5161.79,0.0992651923076923,-46838.21,-90.07348076923077,13.88888888888889,2.0833333333333335
C09,Summer Mega Sale,TikTok Influencer,185000,577,124823.19,0.674719945945946,-9911.58,-0.05357610810810811,-194911.58,-105.35761081081081,11.824817518248175,3.795620437956204
