campaign_name,budget_eur,attributed_contribution_eur,net_at_25pct_eur,net_at_50pct_eur,net_at_75pct_eur,net_at_100pct_eur,required_incremental_share_pct
Back to Uni 2024,22000,11497.820000000002,-19125.545,-16251.09,-13376.634999999998,-10502.179999999998,191.3406193521902
Black Friday 2024,48000,6115.4,-46471.15,-44942.3,-43413.45,-41884.6,784.9036857768912
Xmas Gifts 2024,6000,9301.41,-3674.6475,-1349.295,976.0574999999999,3301.41,64.50634903740401
New Year Fitness,18000,11652.039999999999,-15086.99,-12173.98,-9260.970000000001,-6347.960000000001,154.47938730042122
Spring Home Refresh,15000,14684.15,-11328.9625,-7657.925,-3986.8875000000007,-315.85000000000036,102.15095868674727
Easter Family Deals,4500,7739.47,-2565.1324999999997,-630.2649999999999,1304.6025,3239.4700000000003,58.143516287290986
Mother's Day,14000,4184.8,-12953.8,-11907.6,-10861.4,-9815.2,334.5440642324603
Loyalty Points x2,3000,21581.59,2395.3975,7790.795,13186.192500000001,18581.59,13.900736692708925
Summer Mega Sale,185000,-9911.58,-187477.895,-189955.79,-192433.685,-194911.58,inf
Back to Uni 2025,24000,16652.47,-19836.8825,-15673.765,-11510.6475,-7347.529999999999,144.12276377017943
Black Friday 2025,52000,5161.79,-50709.5525,-49419.105,-48128.6575,-46838.21,1007.402470848291
Spring Clean 2026,16000,18085.989999999998,-11478.5025,-6957.005000000001,-2435.5075000000015,2085.989999999998,88.46626587762131
