month,revenue_eur,orders,customers,aov_eur
2024-07-01,105803.22,308,268,343.5169480519481
2024-08-01,97231.14,305,269,318.7906229508197
2024-09-01,116683.82,358,306,325.9324581005587
2024-10-01,127285.65,367,318,346.8273841961853
2024-11-01,171678.35,514,412,334.0045719844358
2024-12-01,186348.41,534,457,348.9670599250936
2025-01-01,134638.54,413,362,326.0013075060533
2025-02-01,144209.63,442,379,326.2661312217195
2025-03-01,155911.62,447,395,348.79557046979863
2025-04-01,131667.24,445,390,295.8814382022472
2025-05-01,150099.91,476,410,315.3359453781513
2025-06-01,189146.41,592,530,319.50407094594595
2025-07-01,182397.81,675,614,270.21897777777775
2025-08-01,222494.84,745,667,298.65079194630874
2025-09-01,209798.43,606,525,346.20202970297026
2025-10-01,173725.32,566,499,306.9351943462898
2025-11-01,258198.03,831,698,310.70761732851986
2025-12-01,303291.06,892,741,340.012399103139
2026-01-01,174409.39,527,466,330.94760910815944
2026-02-01,181666.58,550,493,330.3028727272727
2026-03-01,185906.13,551,492,337.3976950998185
2026-04-01,203038.86,540,470,375.99788888888884
2026-05-01,205565.1,566,515,363.189222614841
2026-06-01,204440.93,561,493,364.42233511586454
