order_date,revenue_eur,revenue_52w_ago_eur,week_start,campaign_active,yoy_change_pct
2024-07-07,19498.37,,2024-07-01,False,
2024-07-14,22958.51,,2024-07-08,False,
2024-07-21,25275.06,,2024-07-15,False,
2024-07-28,28607.47,,2024-07-22,False,
2024-08-04,20875.89,,2024-07-29,False,
2024-08-11,18406.05,,2024-08-05,False,
2024-08-18,18771.15,,2024-08-12,False,
2024-08-25,24538.79,,2024-08-19,False,
2024-09-01,27895.170000000002,,2024-08-26,True,
2024-09-08,25118.96,,2024-09-02,True,
2024-09-15,30587.19,,2024-09-09,True,
2024-09-22,25530.46,,2024-09-16,True,
2024-09-29,28251.68,,2024-09-23,True,
2024-10-06,28118.94,,2024-09-30,True,
2024-10-13,26358.510000000002,,2024-10-07,False,
2024-10-20,28496.72,,2024-10-14,False,
2024-10-27,30768.06,,2024-10-21,False,
2024-11-03,29608.84,,2024-10-28,False,
2024-11-10,38255.04,,2024-11-04,False,
2024-11-17,44856.89,,2024-11-11,False,
2024-11-24,44151.89,,2024-11-18,True,
2024-12-01,38394.75,,2024-11-25,True,
2024-12-08,39508.01,,2024-12-02,True,
2024-12-15,47619.22,,2024-12-09,True,
2024-12-22,35496.0,,2024-12-16,True,
2024-12-29,42829.54,,2024-12-23,False,
2025-01-05,35360.77,,2024-12-30,True,
2025-01-12,29786.4,,2025-01-06,True,
2025-01-19,28282.39,,2025-01-13,True,
2025-01-26,33776.07,,2025-01-20,True,
2025-02-02,30903.61,,2025-01-27,True,
2025-02-09,27739.26,,2025-02-03,False,
2025-02-16,40075.87,,2025-02-10,False,
2025-02-23,33525.89,,2025-02-17,False,
2025-03-02,48315.46,,2025-02-24,False,
2025-03-09,36648.8,,2025-03-03,False,
2025-03-16,33809.26,,2025-03-10,True,
2025-03-23,35637.19,,2025-03-17,True,
2025-03-30,33373.8,,2025-03-24,True,
2025-04-06,32237.22,,2025-03-31,True,
2025-04-13,27158.9,,2025-04-07,True,
2025-04-20,32956.02,,2025-04-14,True,
2025-04-27,25069.3,,2025-04-21,True,
2025-05-04,32264.44,,2025-04-28,True,
2025-05-11,30080.670000000002,,2025-05-05,True,
2025-05-18,36513.01,,2025-05-12,True,
2025-05-25,30387.329999999998,,2025-05-19,True,
2025-06-01,41499.07,,2025-05-26,True,
2025-06-08,43228.73,,2025-06-02,True,
2025-06-15,37075.18,,2025-06-09,True,
2025-06-22,50410.62,,2025-06-16,True,
2025-06-29,45554.8,,2025-06-23,True,
2025-07-06,42962.82,19498.37,2025-06-30,True,120.34057205807463
2025-07-13,38378.13,22958.51,2025-07-07,True,67.16298226670634
2025-07-20,44407.58,25275.06,2025-07-14,True,75.69722880974368
2025-07-27,45497.57,28607.47,2025-07-21,True,59.04087289089177
2025-08-03,47714.47,20875.89,2025-07-28,True,128.56256667380407
2025-08-10,47436.880000000005,18406.05,2025-08-04,True,157.7243895349627
2025-08-17,46578.28,18771.15,2025-08-11,True,148.13759412715788
2025-08-24,43594.93,24538.79,2025-08-18,True,77.65721129688954
2025-08-31,56578.71,27895.170000000002,2025-08-25,True,102.82618818956828
2025-09-07,39774.93,25118.96,2025-09-01,True,58.34624522671321
2025-09-14,53563.63,30587.19,2025-09-08,True,75.11785162350644
2025-09-21,53658.87,25530.46,2025-09-15,True,110.17588402245791
2025-09-28,49466.83,28251.68,2025-09-22,True,75.09341037417951
2025-10-05,35023.69,28118.94,2025-09-29,True,24.55551311678179
2025-10-12,37043.47,26358.510000000002,2025-10-06,False,40.537040978416464
2025-10-19,44171.83,28496.72,2025-10-13,False,55.00671656246754
2025-10-26,44160.44,30768.06,2025-10-20,False,43.526891198210095
2025-11-02,44507.6,29608.84,2025-10-27,False,50.31862106046707
2025-11-09,47187.21,38255.04,2025-11-03,False,23.349001857010208
2025-11-16,61464.46,44856.89,2025-11-10,False,37.02345392201734
2025-11-23,65151.3,44151.89,2025-11-17,True,47.56174650734091
2025-11-30,66547.52,38394.75,2025-11-24,True,73.32453004642562
2025-12-07,72235.35,39508.01,2025-12-01,True,82.83722718506957
2025-12-14,74952.4,47619.22,2025-12-08,False,57.3994702139178
2025-12-21,66211.94,35496.0,2025-12-15,False,86.53352490421457
2025-12-28,63940.72,42829.54,2025-12-22,False,49.291166797495364
2026-01-04,53382.54,35360.77,2025-12-29,False,50.96543429342746
2026-01-11,33425.84,29786.4,2026-01-05,False,12.218462116939266
2026-01-18,42442.66,28282.39,2026-01-12,False,50.06744479515346
2026-01-25,43950.74,33776.07,2026-01-19,False,30.12390133014291
2026-02-01,31883.27,30903.61,2026-01-26,False,3.1700503598123264
2026-02-08,45713.96,27739.26,2026-02-02,False,64.79877256999646
2026-02-15,42929.74,40075.87,2026-02-09,False,7.121167924738736
2026-02-22,44545.83,33525.89,2026-02-16,False,32.86994021635221
2026-03-01,47352.07,48315.46,2026-02-23,False,-1.993958041587518
2026-03-08,49100.58,36648.8,2026-03-02,False,33.975955556525726
2026-03-15,40989.25,33809.26,2026-03-09,True,21.23675584736251
2026-03-22,35227.31,35637.19,2026-03-16,True,-1.150146798891849
2026-03-29,47870.15,33373.8,2026-03-23,True,43.43631830957217
2026-04-05,30605.239999999998,32237.22,2026-03-30,True,-5.062409227594699
2026-04-12,57104.84,27158.9,2026-04-06,True,110.26197673690757
2026-04-19,55291.090000000004,32956.02,2026-04-13,False,67.77235236536454
2026-04-26,43583.13,25069.3,2026-04-20,False,73.8506061198358
2026-05-03,45682.0,32264.44,2026-04-27,False,41.58621690009188
2026-05-10,47467.27,30080.670000000002,2026-05-04,False,57.79990937701851
2026-05-17,54674.37,36513.01,2026-05-11,False,49.739421647242985
2026-05-24,45285.729999999996,30387.329999999998,2026-05-18,False,49.028328582998235
2026-05-31,38029.1,41499.07,2026-05-25,False,-8.361560873532836
2026-06-07,50990.83,43228.73,2026-06-01,False,17.955882580866934
2026-06-14,52988.54,37075.18,2026-06-08,False,42.92186848452253
2026-06-21,39180.659999999996,50410.62,2026-06-15,False,-22.276972590299437
2026-06-28,42886.07,45554.8,2026-06-22,False,-5.858284966677507
2026-07-05,18394.829999999998,42962.82,2026-06-29,False,-57.184304940876785
