product_id,product_name,category,supplier_id,price_eur,unit_cost_eur,weight_g,color,launch_date
P0001,ELEC-0001,Electronics,S07,59.15,27.14,884,pink,2022-05-01
P0002,ELEC-0002,Electronics,S07,428.99,307.69,2409,white,2023-09-02
P0003,ELEC-0003,Electronics,S07,70.0,32.82,4895,grey,2022-09-26
P0004,ELEC-0004,Electronics,S07,203.73,129.54,5703,black,2024-04-08
P0005,ELEC-0005,Electronics,S07,105.05,71.06,4393,red,2023-08-23
P0006,ELEC-0006,Electronics,S07,317.9,181.59,413,red,2023-05-18
P0007,ELEC-0007,Electronics,S07,566.07,407.01,2150,white,2024-06-19
P0008,ELEC-0008,Electronics,S07,47.86,32.75,3303,green,2022-08-04
P0009,ELEC-0009,Electronics,S07,879.03,1142.74,77,green,2022-01-31
P0010,ELEC-0010,Electronics,S07,261.54,184.15,1093,pink,2022-08-06
P0011,ELEC-0011,Electronics,S07,746.1,384.18,505,green,2023-10-24
P0012,ELEC-0012,Electronics,S10,202.16,110.3,3985,red,2024-05-31
P0013,ELEC-0013,Electronics,S03,237.97,136.64,2087,grey,2022-01-29
P0014,ELEC-0014,Electronics,S03,280.69,126.62,2850,blue,2023-09-07
P0015,ELEC-0015,Electronics,S09,54.36,40.42,3503,red,2024-05-06
P0016,ELEC-0016,Electronics,S03,490.88,306.37,4983,black,2022-06-05
P0017,ELEC-0017,Electronics,S04,45.26,31.83,3590,red,2022-09-17
P0018,ELEC-0018,Electronics,S12,103.25,74.04,2418,green,2023-04-09
P0019,ELEC-0019,Electronics,S05,225.54,102.35,4690,black,2023-09-27
P0020,ELEC-0020,Electronics,S08,48.67,32.61,1913,grey,2023-01-30
P0021,ELEC-0021,Electronics,S02,103.85,62.63,5220,black,2023-11-02
P0022,ELEC-0022,Electronics,S12,535.5,387.18,3719,grey,2023-11-28
P0023,ELEC-0023,Electronics,S02,234.72,130.0,1333,black,2022-03-04
P0024,ELEC-0024,Electronics,S04,70.63,52.58,5900,grey,2023-06-15
P0025,ELEC-0025,Electronics,S01,63.7,46.48,4743,grey,2023-04-01
P0026,ELEC-0026,Electronics,S10,143.66,101.7,308,grey,2024-05-18
P0027,ELEC-0027,Electronics,S10,261.66,158.26,167,pink,2022-01-22
P0028,ELEC-0028,Electronics,S05,456.12,274.1,2611,black,2023-04-07
P0029,ELEC-0029,Electronics,S04,612.77,403.5,1089,white,2022-02-23
P0030,ELEC-0030,Electronics,S12,111.36,68.82,2937,red,2022-07-12
P0031,HOME-0031,Home,S10,100.42,130.55,1548,black,2024-05-17
P0032,HOME-0032,Home,S05,28.68,16.84,2091,black,2024-02-09
P0033,HOME-0033,Home,S11,58.2,31.3,4957,pink,2023-07-11
P0034,HOME-0034,Home,S04,12.47,8.91,3395,black,2023-05-13
P0035,HOME-0035,Home,S03,228.97,121.84,1973,green,2023-09-06
P0036,HOME-0036,Home,S11,80.43,46.43,2938,blue,2022-02-03
P0037,HOME-0037,Home,S02,46.51,31.21,611,blue,2024-06-04
P0038,HOME-0038,Home,S06,11.96,7.43,3803,black,2022-02-01
P0039,HOME-0039,Home,S04,35.85,24.07,4580,grey,2023-04-05
P0040,HOME-0040,Home,S05,12.05,7.6,1010,green,2023-12-22
P0041,HOME-0041,,S04,240.17,129.07,493,grey,2023-01-31
P0042,HOME-0042,Home,S01,94.19,46.45,5391,black,2022-09-17
P0043,HOME-0043,Home,S10,15.93,9.21,956,red,2022-11-27
P0044,HOME-0044,Home,S01,96.71,70.61,1329,white,2023-03-20
P0045,HOME-0045,Home,S09,36.65,26.81,1250,grey,2023-05-10
P0046,HOME-0046,Home,S04,93.34,43.45,241,green,2022-11-25
P0047,HOME-0047,,S04,22.6,16.61,2830,white,2022-03-17
P0048,HOME-0048,Home,S08,80.09,52.9,1954,grey,2023-06-01
P0049,HOME-0049,Home,S05,192.27,124.21,2352,green,2023-01-04
P0050,HOME-0050,Home,S03,23.7,14.08,4917,pink,2024-01-30
P0051,HOME-0051,Home,S05,37.8,24.05,3445,pink,2022-06-17
P0052,HOME-0052,Home,S08,96.7,47.27,2970,black,2023-02-15
P0053,HOME-0053,Home,S11,79.81,51.89,2414,white,2023-10-11
P0054,HOME-0054,Home,S05,22.5,16.72,456,black,2024-01-30
P0055,FASH-0055,Fashion,S10,21.55,12.74,1862,grey,2022-05-15
P0056,FASH-0056,Fashion,S06,54.99,33.19,3793,pink,2022-11-22
P0057,FASH-0057,Fashion,S10,62.31,35.76,407,black,2024-03-30
P0058,FASH-0058,Fashion,S12,96.6,58.67,1334,green,2022-05-10
P0059,FASH-0059,Fashion,S11,46.72,30.77,971,blue,2023-10-12
P0060,FASH-0060,Fashion,S02,131.68,68.44,5978,grey,2023-01-17
P0061,FASH-0061,Fashion,S05,30.11,15.3,3268,black,2022-03-21
P0062,FASH-0062,Fashion,S01,109.93,63.65,4107,red,2023-06-28
P0063,FASH-0063,Fashion,S06,95.57,48.87,2497,pink,2023-07-25
P0064,FASH-0064,Fashion,S02,101.18,47.48,3274,green,2023-02-11
P0065,FASH-0065,Fashion,S06,128.91,95.19,1735,black,2022-08-28
P0066,FASH-0066,Fashion,S02,29.64,19.78,2347,blue,2022-05-23
P0067,FASH-0067,Fashion,S03,20.79,10.65,3677,blue,2022-06-29
P0068,FASH-0068,Fashion,S05,23.84,13.9,2510,pink,2023-08-04
P0069,FASH-0069,Fashion,S12,25.15,17.31,4597,pink,2023-03-08
P0070,FASH-0070,Fashion,S05,144.85,88.77,4719,green,2024-02-08
P0071,FASH-0071,Fashion,S06,88.96,56.12,5670,green,2022-02-01
P0072,FASH-0072,Fashion,S10,22.81,14.76,2308,grey,2022-10-05
P0073,FASH-0073,Fashion,S09,99.68,73.39,1440,grey,2022-03-14
P0074,FASH-0074,Fashion,S12,26.63,17.88,4744,white,2024-06-26
P0075,FASH-0075,Fashion,S12,50.52,35.65,383,green,2023-08-04
P0076,FASH-0076,Fashion,S01,53.1,37.12,958,blue,2022-04-02
P0077,FASH-0077,Fashion,S12,86.48,62.38,3648,white,2022-06-17
P0078,FASH-0078,Fashion,S11,46.55,33.98,354,white,2023-12-03
P0079,BEAU-0079,Beauty,S01,21.76,9.85,5479,black,2024-06-06
P0080,BEAU-0080,Beauty,S06,52.81,35.71,4022,black,2022-12-05
P0081,BEAU-0081,Beauty,S12,38.74,25.76,5059,green,2024-02-26
P0082,BEAU-0082,Beauty,S04,69.13,35.15,5482,green,2022-09-01
P0083,BEAU-0083,Beauty,S11,45.29,26.24,3473,black,2022-08-16
P0084,BEAU-0084,Beauty,S01,13.25,7.78,2683,blue,2023-09-18
P0085,BEAU-0085,Beauty,S10,72.91,50.15,143,black,2023-06-04
P0086,BEAU-0086,Beauty,S06,7.88,4.84,5775,black,2023-02-26
P0087,BEAU-0087,Beauty,S04,72.97,49.1,5625,pink,2022-06-28
P0088,BEAU-0088,Beauty,S10,12.2,9.14,5114,green,2023-07-21
P0089,BEAU-0089,Beauty,S02,75.8,36.34,732,green,2022-10-12
P0090,BEAU-0090,Beauty,S03,74.94,50.62,2367,grey,2023-05-13
P0091,BEAU-0091,Beauty,S06,55.44,26.11,1794,red,2022-05-29
P0092,BEAU-0092,Beauty,S02,9.46,6.99,1825,white,2023-03-10
P0093,BEAU-0093,Beauty,S11,36.5,25.91,1373,green,2023-09-27
P0094,BEAU-0094,Beauty,S02,42.24,23.74,3156,white,2023-03-21
P0095,BEAU-0095,Beauty,S04,45.19,28.9,5398,white,2022-05-20
P0096,BEAU-0096,Beauty,S02,62.39,32.79,3376,red,2024-04-09
P0097,BEAU-0097,Beauty,S11,39.47,25.62,4633,green,2023-12-14
P0098,BEAU-0098,Beauty,S10,5.21,2.64,896,pink,2024-03-22
P0099,BEAU-0099,Beauty,S10,42.13,24.64,5104,pink,2022-12-20
P0100,BEAU-0100,Beauty,S03,14.85,11.06,2393,white,2023-07-13
P0101,BEAU-0101,Beauty,S04,12.63,6.29,2579,green,2024-04-13
P0102,BEAU-0102,Beauty,S11,6.1,4.09,3548,pink,2022-07-12
P0103,SPOR-0103,Sports,S03,43.56,31.23,1273,pink,2024-05-01
P0104,SPOR-0104,Sports,S03,56.02,32.69,1076,grey,2022-08-07
P0105,SPOR-0105,Sports,S03,192.4,131.61,4997,grey,2024-03-16
P0106,SPOR-0106,Sports,S09,93.16,44.98,4528,grey,2023-11-13
P0107,SPOR-0107,Sports,S06,42.73,29.07,103,blue,2022-05-20
P0108,SPOR-0108,Sports,S11,153.58,80.08,5085,green,2023-12-04
P0109,SPOR-0109,Sports,S01,191.49,112.71,5997,pink,2022-06-05
P0110,SPOR-0110,Sports,S03,231.1,130.8,5415,pink,2022-05-27
P0111,SPOR-0111,Sports,S11,68.84,49.99,3993,pink,2023-02-27
P0112,SPOR-0112,Sports,S12,121.72,59.68,2267,blue,2024-03-31
P0113,SPOR-0113,Sports,S08,52.25,33.53,5616,green,2023-11-10
P0114,SPOR-0114,Sports,S05,30.32,16.69,4238,black,2022-05-23
P0115,SPOR-0115,,S02,65.77,33.55,5219,grey,2024-05-22
P0116,SPOR-0116,Sports,S09,64.62,39.25,81,black,2022-01-19
P0117,SPOR-0117,Sports,S08,37.62,17.86,644,red,2023-09-07
P0118,SPOR-0118,Sports,S08,60.49,38.63,700,pink,2022-04-04
P0119,SPOR-0119,Sports,S03,111.41,57.4,4605,green,2024-02-08
P0120,SPOR-0120,Sports,S08,233.46,170.18,2714,green,2023-06-23
P0121,SPOR-0121,Sports,S08,35.48,18.65,2578,grey,2023-07-16
P0122,SPOR-0122,Sports,S05,44.07,24.75,1705,green,2023-10-26
P0123,SPOR-0123,Sports,S10,13.17,9.55,5714,white,2022-06-16
P0124,SPOR-0124,Sports,S05,16.63,9.1,4669,pink,2022-06-21
P0125,SPOR-0125,Sports,S09,231.1,300.43,1670,white,2023-12-27
P0126,SPOR-0126,Sports,S01,119.65,76.27,5343,blue,2023-08-16
P0127,TOYS-0127,Toys,S11,69.7,46.28,4163,red,2023-05-07
P0128,TOYS-0128,Toys,S06,40.97,20.9,3185,black,2023-01-23
P0129,TOYS-0129,,S04,10.47,7.7,152,grey,2024-06-17
P0130,TOYS-0130,Toys,S09,22.25,11.06,2033,grey,2022-02-25
P0131,TOYS-0131,Toys,S04,10.19,6.82,3953,blue,2024-06-19
P0132,TOYS-0132,Toys,S04,9.56,4.67,5891,white,2022-11-25
P0133,TOYS-0133,Toys,S03,68.25,34.92,1184,grey,2023-07-30
P0134,TOYS-0134,Toys,S11,14.57,8.33,1023,white,2022-01-15
P0135,TOYS-0135,Toys,S01,61.66,32.03,864,black,2023-10-01
P0136,TOYS-0136,Toys,S01,64.01,29.49,744,blue,2022-06-23
P0137,TOYS-0137,Toys,S12,9.05,4.51,3641,blue,2023-05-04
P0138,TOYS-0138,Toys,S11,119.25,65.53,1860,green,2023-04-29
P0139,TOYS-0139,Toys,S11,117.86,66.76,499,black,2022-10-21
P0140,TOYS-0140,Toys,S06,95.27,58.26,3777,blue,2022-10-14
P0141,TOYS-0141,Toys,S05,32.3,14.55,3653,grey,2023-12-06
P0142,TOYS-0142,Toys,S12,46.23,30.78,2948,blue,2022-07-04
P0143,TOYS-0143,Toys,S12,10.62,6.28,4334,green,2023-12-01
P0144,TOYS-0144,Toys,S03,10.61,5.62,4128,red,2022-08-20
P0145,TOYS-0145,Toys,S01,10.1,6.92,5556,blue,2022-01-28
P0146,TOYS-0146,Toys,S01,36.39,17.02,696,blue,2023-08-24
P0147,TOYS-0147,Toys,S11,8.3,5.91,5299,white,2022-08-31
P0148,TOYS-0148,Toys,S11,74.21,52.66,791,white,2023-11-21
P0149,TOYS-0149,Toys,S08,21.0,14.59,1044,blue,2024-04-25
P0150,TOYS-0150,Toys,S03,28.39,20.47,5990,blue,2022-12-22
